Domain,PdfLink
kutilsro.sk,https://www.soi.sk/files/documents/info-verejnost/internetove%20obchody/tatiana%20kamen%C3%ADkov%C3%A1_upozornenie%20pre%20spotrebite%C4%BEov.pdf
led-zrkadla.sk,https://www.soi.sk/files/documents/info-verejnost/internetove%20obchody/tatiana%20kamen%C3%ADkov%C3%A1_upozornenie%20pre%20spotrebite%C4%BEov.pdf
polskytovar.sk,https://www.soi.sk/files/documents/info-verejnost/internetove%20obchody/tatiana%20kamen%C3%ADkov%C3%A1_upozornenie%20pre%20spotrebite%C4%BEov.pdf
overeny-eshop.sk,https://www.soi.sk/files/documents/info-verejnost/internetove%20obchody/tatiana%20kamen%C3%ADkov%C3%A1_upozornenie%20pre%20spotrebite%C4%BEov.pdf
zlacnenytovar.sk,https://www.soi.sk/files/documents/info-verejnost/internetove%20obchody/tatiana%20kamen%C3%ADkov%C3%A1_upozornenie%20pre%20spotrebite%C4%BEov.pdf
rightdeal.sk,https://www.soi.sk/files/documents/info-verejnost/internetove%20obchody/rightdeal.sk.pdf
mancini.sk,https://www.soi.sk/files/documents/info-verejnost/internetove%20obchody/mancini.sk.pdf
urbantrend.sk,https://www.soi.sk/files/documents/info-verejnost/internetove%20obchody/urbantrend.sk.pdf
nakupuj123.sk,https://www.soi.sk/files/documents/info-verejnost/internetove%20obchody/nakupuj123.sk.pdf
bonky.sk,https://www.soi.sk/files/documents/info-verejnost/internetove%20obchody/bonky.sk.pdf
suprisimo.sk,https://www.soi.sk/files/documents/info-verejnost/internetove%20obchody/suprisimo.sk.docx.pdf
booho.sk,https://www.soi.sk/files/documents/info-verejnost/internetove%20obchody/booho.sk.docx.pdf
finlando.sk,https://www.soi.sk/files/documents/info-verejnost/internetove%20obchody/finlando.sk.docx.pdf
rayray.sk,https://www.soi.sk/files/documents/info-verejnost/internetove%20obchody/rayray.sk.docx.pdf
fashy.sk,https://www.soi.sk/files/documents/info-verejnost/internetove%20obchody/fashy.sk.docx.pdf
gigastore.sk,https://www.soi.sk/files/documents/info-verejnost/internetove%20obchody/gigastore.sk.docx.pdf
zozu.sk,https://www.soi.sk/files/documents/info-verejnost/internetove%20obchody/zozu.sk.docx.pdf
lunzo.sk,https://www.soi.sk/files/documents/info-verejnost/internetove%20obchody/lunzo.sk.docx.pdf
shopolo.sk,https://www.soi.sk/files/documents/info-verejnost/internetove%20obchody/shopolo.sk.docx.pdf
alabo.sk,https://www.soi.sk/files/documents/info-verejnost/internetove%20obchody/alabo.pdf
mobiluj.sk,https://www.soi.sk/files/documents/info-verejnost/internetove%20obchody/mobiluj.sk.pdf
eleganceshop.sk,https://www.soi.sk/files/documents/info-verejnost/internetove%20obchody/eleganceshop.sk.docx.pdf
autoelektrony.sk,https://www.soi.sk/files/documents/info-verejnost/internetove%20obchody/autoelektrony.sk.pdf
viagogo.sk,https://www.soi.sk/files/documents/info-verejnost/internetove%20obchody/viagogo.sk.docx.pdf
rajpradla.sk,https://www.soi.sk/files/documents/info-verejnost/internetove%20obchody/rajpradla.sk.docx.pdf
zasielkonos.sk,https://www.soi.sk/files/documents/info-verejnost/internetove%20obchody/zasielkonos.sk.docx.pdf
fashionline.com,https://www.soi.sk/files/documents/info-verejnost/internetove%20obchody/fashionline.pdf
jordanshoes.com,https://www.soi.sk/files/documents/info-verejnost/internetove%20obchody/jordanshoes.sk.docx.pdf
moletka.eu,"https://www.soi.sk/files/documents/info-verejnost/internetove%20obchody/moletka.eu,%20svet-siat.eu,%20vip-moda.eu.docx.pdf"
svet-siat.eu,"https://www.soi.sk/files/documents/info-verejnost/internetove%20obchody/moletka.eu,%20svet-siat.eu,%20vip-moda.eu.docx.pdf"
vip-moda.eu,"https://www.soi.sk/files/documents/info-verejnost/internetove%20obchody/moletka.eu,%20svet-siat.eu,%20vip-moda.eu.docx.pdf"
perfektna.sk,https://www.soi.sk/files/documents/info-verejnost/internetove%20obchody/perfektna.sk.docx.pdf
kociky-leja.sk,https://www.soi.sk/files/documents/info-verejnost/internetove%20obchody/kociky-leja.sk.docx.pdf
elekroeldo.sk,https://www.soi.sk/files/documents/info-verejnost/internetove%20obchody/elektroeldo.sk.docx.pdf
sunsea.sk,https://www.soi.sk/files/documents/info-verejnost/internetove%20obchody/sunsea.sk.docx.pdf
cyklosport-krampl.store,https://www.soi.sk/files/documents/info-verejnost/internetove%20obchody/upozornenie%20spotrebite%C4%BEov%20na%20eshop%20cyklosport-krampl.store.docx.pdf
zjypio.shop,https://www.soi.sk/files/documents/info-verejnost/2024/upozornenie%20pre%20spotrebite%C4%BEov_zjypio.shop.pdf
